product_id;color;size;stock_qty;sku
1;Blue;35;15;LSS-BLU-35
1;Blue;36;10;LSS-BLU-36
1;Blue;37;8;LSS-BLU-37
1;Blue;38;8;LSS-BLU-38
1;Blue;39;8;LSS-BLU-39
1;Blue;40;11;LSS-BLU-40
1;Blue;41;12;LSS-BLU-41
2;White;35;16;LSS-WHI-35
2;White;36;15;LSS-WHI-36
2;White;37;26;LSS-WHI-37
2;White;38;9;LSS-WHI-38
2;White;39;19;LSS-WHI-39
2;White;40;5;LSS-WHI-40
2;White;41;4;LSS-WHI-41
3;Brown;35;5;TRH-BRN-35
3;Brown;36;3;TRH-BRN-36
3;Brown;37;28;TRH-BRN-37
3;Brown;38;22;TRH-BRN-38
3;Brown;39;12;TRH-BRN-39
3;Brown;40;11;TRH-BRN-40
3;Brown;41;19;TRH-BRN-41
4;Red;35;23;MTS-RED-35
4;Red;36;21;MTS-RED-36
4;Red;37;11;MTS-RED-37
4;Red;38;12;MTS-RED-38
4;Red;39;34;MTS-RED-39
4;Red;40;22;MTS-RED-40
4;Red;41;23;MTS-RED-41
5;Grey;35;23;MSS-GRE-35
5;Grey;36;10;MSS-GRE-36
5;Grey;37;8;MSS-GRE-37
5;Grey;38;4;MSS-GRE-38
5;Grey;39;24;MSS-GRE-39
5;Grey;40;22;MSS-GRE-40
5;Grey;41;13;MSS-GRE-41
6;Brown;35;12;PDF-BRN-35
6;Brown;36;12;PDF-BRN-36
6;Brown;37;23;PDF-BRN-37
6;Brown;38;6;PDF-BRN-38
6;Brown;39;8;PDF-BRN-39
6;Brown;40;12;PDF-BRN-40
6;Brown;41;11;PDF-BRN-41
7;Chalk;35;21;KAI-CHK-35
7;Chalk;36;11;KAI-CHK-36
7;Chalk;37;12;KAI-CHK-37
7;Chalk;38;34;KAI-CHK-38
7;Chalk;39;22;KAI-CHK-39
7;Chalk;40;23;KAI-CHK-40
7;Chalk;41;23;KAI-CHK-41
8;White;35;10;KYR-WHT-35
8;White;36;8;KYR-WHT-36
8;White;37;4;KYR-WHT-37
8;White;38;24;KYR-WHT-38
8;White;39;13;KYR-WHT-39
8;White;40;12;KYR-WHT-40
8;White;41;12;KYR-WHT-41
9;Blush;35;23;DAN-BLS-35
9;Blush;36;6;DAN-BLS-36
9;Blush;37;8;DAN-BLS-37
9;Blush;38;12;DAN-BLS-38
9;Blush;39;11;DAN-BLS-39
9;Blush;40;21;DAN-BLS-40
9;Blush;41;11;DAN-BLS-41
10;White;35;22;TWE-WHT-35
10;White;36;12;TWE-WHT-36
10;White;37;11;TWE-WHT-37
10;White;38;19;TWE-WHT-38
10;White;39;23;TWE-WHT-39
10;White;40;21;TWE-WHT-40
10;White;41;11;TWE-WHT-41
11;Pink;35;12;BRA-PNK-35
11;Pink;36;34;BRA-PNK-36
11;Pink;37;22;BRA-PNK-37
11;Pink;38;13;BRA-PNK-38
11;Pink;39;12;BRA-PNK-39
11;Pink;40;12;BRA-PNK-40
11;Pink;41;23;BRA-PNK-41
12;Black;35;6;POI-BLK-35
12;Black;36;8;POI-BLK-36
12;Black;37;12;POI-BLK-37
12;Black;38;11;POI-BLK-38
12;Black;39;21;POI-BLK-39
12;Black;40;11;POI-BLK-40
12;Black;41;22;POI-BLK-41
13;Dark Blue;35;23;LAC-DBL-35
13;Dark Blue;36;21;LAC-DBL-36
13;Dark Blue;37;11;LAC-DBL-37
13;Dark Blue;38;12;LAC-DBL-38
13;Dark Blue;39;34;LAC-DBL-39
13;Dark Blue;40;22;LAC-DBL-40
13;Dark Blue;41;12;LAC-DBL-41
14;White;35;34;MEJ-WHT-35
14;White;36;22;MEJ-WHT-36
14;White;37;23;MEJ-WHT-37
14;White;38;23;MEJ-WHT-38
14;White;39;10;MEJ-WHT-39
14;White;40;8;MEJ-WHT-40
14;White;41;4;MEJ-WHT-41
15;Burgundy;35;0;BAC-BRG-35
15;Burgundy;36;0;BAC-BRG-36
15;Burgundy;37;0;BAC-BRG-37
15;Burgundy;38;12;BAC-BRG-38
15;Burgundy;39;11;BAC-BRG-39
15;Burgundy;40;19;BAC-BRG-40
15;Burgundy;41;23;BAC-BRG-41
16;Lilac;35;21;PAT-LIL-35
16;Lilac;36;11;PAT-LIL-36
16;Lilac;37;12;PAT-LIL-37
16;Lilac;38;11;PAT-LIL-38
16;Lilac;39;19;PAT-LIL-39
16;Lilac;40;23;PAT-LIL-40
16;Lilac;41;21;PAT-LIL-41
17;Multi color;35;11;MAR-MLT-35
17;Multi color;36;11;MAR-MLT-36
17;Multi color;37;12;MAR-MLT-37
17;Multi color;38;34;MAR-MLT-38
17;Multi color;39;22;MAR-MLT-39
17;Multi color;40;23;MAR-MLT-40
17;Multi color;41;23;MAR-MLT-41
18;Cream;35;0;MAR-CRM-35
18;Cream;36;0;MAR-CRM-36
18;Cream;37;0;MAR-CRM-37
18;Cream;38;0;MAR-CRM-38
18;Cream;39;0;MAR-CRM-39
18;Cream;40;3;MAR-CRM-40
18;Cream;41;28;MAR-CRM-41
19;Black;35;22;MAR-BLK-35
19;Black;36;12;MAR-BLK-36
19;Black;37;11;MAR-BLK-37
19;Black;38;19;MAR-BLK-38
19;Black;39;23;MAR-BLK-39
19;Black;40;21;MAR-BLK-40
19;Black;41;1;MAR-BLK-41
20;Beige;35;1;RAF-BEI-35
20;Beige;36;12;RAF-BEI-36
20;Beige;37;0;RAF-BEI-37
20;Beige;38;0;RAF-BEI-38
20;Beige;39;0;RAF-BEI-39
20;Beige;40;11;RAF-BEI-40
20;Beige;41;12;RAF-BEI-41
21;Black;35;11;PAT-BLK-35
21;Black;36;19;PAT-BLK-36
21;Black;37;23;PAT-BLK-37
21;Black;38;11;PAT-BLK-38
21;Black;39;19;PAT-BLK-39
21;Black;40;23;PAT-BLK-40
21;Black;41;21;PAT-BLK-41
22;Multi color;35;1;STR-MLT-35
22;Multi color;36;1;STR-MLT-36
22;Multi color;37;12;STR-MLT-37
22;Multi color;38;0;STR-MLT-38
22;Multi color;39;15;STR-MLT-39
22;Multi color;40;10;STR-MLT-40
22;Multi color;41;8;STR-MLT-41
23;Chalk;35;8;CRY-CHK-35
23;Chalk;36;8;CRY-CHK-36
23;Chalk;37;11;CRY-CHK-37
23;Chalk;38;12;CRY-CHK-38
23;Chalk;39;16;CRY-CHK-39
23;Chalk;40;15;CRY-CHK-40
23;Chalk;41;26;CRY-CHK-41
24;Red;35;21;CLE-RED-35
24;Red;36;11;CLE-RED-36
24;Red;37;12;CLE-RED-37
24;Red;38;34;CLE-RED-38
24;Red;39;22;CLE-RED-39
24;Red;40;13;CLE-RED-40
24;Red;41;12;CLE-RED-41
25;Silver;35;12;CUR-SLV-35
25;Silver;36;23;CUR-SLV-36
25;Silver;37;6;CUR-SLV-37
25;Silver;38;8;CUR-SLV-38
25;Silver;39;12;CUR-SLV-39
25;Silver;40;11;CUR-SLV-40
25;Silver;41;21;CUR-SLV-41
26;White;35;11;BOW-WHT-35
26;White;36;22;BOW-WHT-36
26;White;37;23;BOW-WHT-37
26;White;38;21;BOW-WHT-38
26;White;39;11;BOW-WHT-39
26;White;40;12;BOW-WHT-40
26;White;41;34;BOW-WHT-41
27;Black;35;22;YVT-BLK-35
27;Black;36;12;YVT-BLK-36
27;Black;37;34;YVT-BLK-37
27;Black;38;22;YVT-BLK-38
27;Black;39;21;YVT-BLK-39
27;Black;40;11;YVT-BLK-40
27;Black;41;12;YVT-BLK-41
28;Black;35;34;JAG-BLK-35
28;Black;36;22;JAG-BLK-36
28;Black;37;13;JAG-BLK-37
28;Black;38;12;JAG-BLK-38
28;Black;39;12;JAG-BLK-39
28;Black;40;23;JAG-BLK-40
28;Black;41;6;JAG-BLK-41
29;Black;35;8;PSA-BLK-35
29;Black;36;12;PSA-BLK-36
29;Black;37;11;PSA-BLK-37
29;Black;38;1;PSA-BLK-38
29;Black;39;11;PSA-BLK-39
29;Black;40;0;PSA-BLK-40
29;Black;41;0;PSA-BLK-41
30;Black;35;21;SKB-BLK-35
30;Black;36;11;SKB-BLK-36
30;Black;37;12;SKB-BLK-37
30;Black;38;34;SKB-BLK-38
30;Black;39;22;SKB-BLK-39
30;Black;40;0;SKB-BLK-40
30;Black;41;34;SKB-BLK-41
31;Burgundy;35;22;PMB-BRG-35
31;Burgundy;36;15;PMB-BRG-36
31;Burgundy;37;10;PMB-BRG-37
31;Burgundy;38;8;PMB-BRG-38
31;Burgundy;39;1;PMB-BRG-39
31;Burgundy;40;8;PMB-BRG-40
31;Burgundy;41;0;PMB-BRG-41
32;Maroon;35;12;CFE-MRN-35
32;Maroon;36;16;CFE-MRN-36
32;Maroon;37;15;CFE-MRN-37
32;Maroon;38;26;CFE-MRN-38
32;Maroon;39;9;CFE-MRN-39
32;Maroon;40;19;CFE-MRN-40
32;Maroon;41;5;CFE-MRN-41
33;Dark Blue;35;4;SMJ-DBL-35
33;Dark Blue;36;5;SMJ-DBL-36
33;Dark Blue;37;3;SMJ-DBL-37
33;Dark Blue;38;28;SMJ-DBL-38
33;Dark Blue;39;22;SMJ-DBL-39
33;Dark Blue;40;12;SMJ-DBL-40
33;Dark Blue;41;11;SMJ-DBL-41
34;Cream;35;19;BES-CRM-35
34;Cream;36;23;BES-CRM-36
34;Cream;37;21;BES-CRM-37
34;Cream;38;11;BES-CRM-38
34;Cream;39;1;BES-CRM-39
34;Cream;40;34;BES-CRM-40
34;Cream;41;22;BES-CRM-41
35;Chalk;35;23;GLM-CHK-35
35;Chalk;36;1;GLM-CHK-36
35;Chalk;37;10;GLM-CHK-37
35;Chalk;38;0;GLM-CHK-38
35;Chalk;39;0;GLM-CHK-39
35;Chalk;40;28;GLM-CHK-40
35;Chalk;41;22;GLM-CHK-41
36;Black;35;12;GBP-BLK-35
36;Black;36;11;GBP-BLK-36
36;Black;37;19;GBP-BLK-37
36;Black;38;23;GBP-BLK-38
36;Black;39;21;GBP-BLK-39
36;Black;40;34;GBP-BLK-40
36;Black;41;22;GBP-BLK-41
37;White;35;15;CBH-WHT-35
37;White;36;10;CBH-WHT-36
37;White;37;8;CBH-WHT-37
37;White;38;8;CBH-WHT-38
37;White;39;8;CBH-WHT-39
37;White;40;0;CBH-WHT-40
37;White;41;12;CBH-WHT-41
38;Beige;35;16;LFS-BEI-35
38;Beige;36;3;LFS-BEI-36
38;Beige;37;26;LFS-BEI-37
38;Beige;38;9;LFS-BEI-38
38;Beige;39;19;LFS-BEI-39
38;Beige;40;5;LFS-BEI-40
38;Beige;41;4;LFS-BEI-41
39;Black;35;5;SBS-BLK-35
39;Black;36;3;SBS-BLK-36
39;Black;37;28;SBS-BLK-37
39;Black;38;22;SBS-BLK-38
39;Black;39;12;SBS-BLK-39
39;Black;40;11;SBS-BLK-40
39;Black;41;19;SBS-BLK-41
40;Light Pink;35;23;STP-LPK-35
40;Light Pink;36;21;STP-LPK-36
40;Light Pink;37;11;STP-LPK-37
40;Light Pink;38;12;STP-LPK-38
40;Light Pink;39;34;STP-LPK-39
40;Light Pink;40;22;STP-LPK-40
40;Light Pink;41;23;STP-LPK-41
41;Light Pink;35;23;APW-LPK-35
41;Light Pink;36;10;APW-LPK-36
41;Light Pink;37;0;APW-LPK-37
41;Light Pink;38;0;APW-LPK-38
41;Light Pink;39;28;APW-LPK-39
41;Light Pink;40;22;APW-LPK-40
41;Light Pink;41;12;APW-LPK-41
42;Black;35;11;TSH-BLK-35
42;Black;36;19;TSH-BLK-36
42;Black;37;23;TSH-BLK-37
42;Black;38;21;TSH-BLK-38
42;Black;39;16;TSH-BLK-39
42;Black;40;15;TSH-BLK-40
42;Black;41;26;TSH-BLK-41
43;Black;35;9;GMH-BLK-35
43;Black;36;19;GMH-BLK-36
43;Black;37;5;GMH-BLK-37
43;Black;38;4;GMH-BLK-38
43;Black;39;5;GMH-BLK-39
43;Black;40;3;GMH-BLK-40
43;Black;41;28;GMH-BLK-41
44;Pink;35;3;GBK-PNK-35
44;Pink;36;12;GBK-PNK-36
44;Pink;37;11;GBK-PNK-37
44;Pink;38;19;GBK-PNK-38
44;Pink;39;23;GBK-PNK-39
44;Pink;40;21;GBK-PNK-40
44;Pink;41;11;GBK-PNK-41
45;Black;35;12;SHS-BLK-35
45;Black;36;34;SHS-BLK-36
45;Black;37;22;SHS-BLK-37
45;Black;38;23;SHS-BLK-38
45;Black;39;23;SHS-BLK-39
45;Black;40;10;SHS-BLK-40
45;Black;41;20;SHS-BLK-41
46;Beige;35;13;FSM-BEI-35
46;Beige;36;10;FSM-BEI-36
46;Beige;37;9;FSM-BEI-37
46;Beige;38;2;FSM-BEI-38
46;Beige;39;11;FSM-BEI-39
46;Beige;40;19;FSM-BEI-40
46;Beige;41;23;FSM-BEI-41
47;Brown;35;34;AEK-BRN-35
47;Brown;36;22;AEK-BRN-36
47;Brown;37;15;AEK-BRN-37
47;Brown;38;10;AEK-BRN-38
47;Brown;39;8;AEK-BRN-39
47;Brown;40;8;AEK-BRN-40
47;Brown;41;8;AEK-BRN-41
48;Black;35;0;DPL-BLK-35
48;Black;36;12;DPL-BLK-36
48;Black;37;16;DPL-BLK-37
48;Black;38;3;DPL-BLK-38
48;Black;39;26;DPL-BLK-39
48;Black;40;9;DPL-BLK-40
48;Black;41;19;DPL-BLK-41
49;Burgundy;35;5;IFW-BRG-35
49;Burgundy;36;4;IFW-BRG-36
49;Burgundy;37;5;IFW-BRG-37
49;Burgundy;38;3;IFW-BRG-38
49;Burgundy;39;28;IFW-BRG-39
49;Burgundy;40;22;IFW-BRG-40
49;Burgundy;41;12;IFW-BRG-41
50;Black;35;11;GCB-BLK-35
50;Black;36;19;GCB-BLK-36
50;Black;37;23;GCB-BLK-37
50;Black;38;21;GCB-BLK-38
50;Black;39;11;GCB-BLK-39
50;Black;40;12;GCB-BLK-40
50;Black;41;34;GCB-BLK-41
51;Mauve;35;22;SSK-MVE-35
51;Mauve;36;23;SSK-MVE-36
51;Mauve;37;23;SSK-MVE-37
51;Mauve;38;10;SSK-MVE-38
51;Mauve;39;34;SSK-MVE-39
51;Mauve;40;22;SSK-MVE-40
51;Mauve;41;15;SSK-MVE-41
52;Chalk;35;10;AWS-CHK-35
52;Chalk;36;8;AWS-CHK-36
52;Chalk;37;8;AWS-CHK-37
52;Chalk;38;8;AWS-CHK-38
52;Chalk;39;0;AWS-CHK-39
52;Chalk;40;12;AWS-CHK-40
52;Chalk;41;16;AWS-CHK-41
53;Burgundy;35;3;MMA-BRG-35
53;Burgundy;36;26;MMA-BRG-36
53;Burgundy;37;9;MMA-BRG-37
53;Burgundy;38;19;MMA-BRG-38
53;Burgundy;39;5;MMA-BRG-39
53;Burgundy;40;4;MMA-BRG-40
53;Burgundy;41;5;MMA-BRG-41
54;Black;35;21;MKB-BLK-35
54;Black;36;11;MKB-BLK-36
54;Black;37;12;MKB-BLK-37
54;Black;38;34;MKB-BLK-38
54;Black;39;22;MKB-BLK-39
54;Black;40;23;MKB-BLK-40
54;Black;41;23;MKB-BLK-41
55;Dark Brown;35;10;KPL-DBR-35
55;Dark Brown;36;20;KPL-DBR-36
55;Dark Brown;37;13;KPL-DBR-37
55;Dark Brown;38;10;KPL-DBR-38
55;Dark Brown;39;9;KPL-DBR-39
55;Dark Brown;40;2;KPL-DBR-40
55;Dark Brown;41;11;KPL-DBR-41
56;Chalk;35;19;SRS-CHK-35
56;Chalk;36;23;SRS-CHK-36
56;Chalk;37;34;SRS-CHK-37
56;Chalk;38;22;SRS-CHK-38
56;Chalk;39;15;SRS-CHK-39
56;Chalk;40;10;SRS-CHK-40
56;Chalk;41;8;SRS-CHK-41
57;Black;35;8;STW-BLK-35
57;Black;36;8;STW-BLK-36
57;Black;37;0;STW-BLK-37
57;Black;38;12;STW-BLK-38
57;Black;39;16;STW-BLK-39
57;Black;40;3;STW-BLK-40
57;Black;41;26;STW-BLK-41
58;White;35;9;BST-WHT-35
58;White;36;19;BST-WHT-36
58;White;37;5;BST-WHT-37
58;White;38;4;BST-WHT-38
58;White;39;5;BST-WHT-39
58;White;40;3;BST-WHT-40
58;White;41;0;BST-WHT-41
59;Chalk;35;22;KHT-CHK-35
59;Chalk;36;12;KHT-CHK-36
59;Chalk;37;11;KHT-CHK-37
59;Chalk;38;19;KHT-CHK-38
59;Chalk;39;23;KHT-CHK-39
59;Chalk;40;21;KHT-CHK-40
59;Chalk;41;11;KHT-CHK-41
60;Grey;35;12;SBD-GRY-35
60;Grey;36;34;SBD-GRY-36
60;Grey;37;22;SBD-GRY-37
60;Grey;38;23;SBD-GRY-38
60;Grey;39;23;SBD-GRY-39
60;Grey;40;10;SBD-GRY-40
60;Grey;41;34;SBD-GRY-41
61;Red;35;22;PPS-RED-35
61;Red;36;15;PPS-RED-36
61;Red;37;2;PPS-RED-37
61;Red;38;3;PPS-RED-38
61;Red;39;1;PPS-RED-39
61;Red;40;8;PPS-RED-40
61;Red;41;5;PPS-RED-41
62;Chalk;35;12;LBT-CHK-35
62;Chalk;36;16;LBT-CHK-36
62;Chalk;37;3;LBT-CHK-37
62;Chalk;38;26;LBT-CHK-38
62;Chalk;39;9;LBT-CHK-39
62;Chalk;40;19;LBT-CHK-40
62;Chalk;41;5;LBT-CHK-41
63;Yellow;35;3;SST-YLW-35
63;Yellow;36;13;SST-YLW-36
63;Yellow;37;9;SST-YLW-37
63;Yellow;38;19;SST-YLW-38
63;Yellow;39;5;SST-YLW-39
63;Yellow;40;4;SST-YLW-40
63;Yellow;41;5;SST-YLW-41
64;Black;35;2;GBS-BLK-35
64;Black;36;20;GBS-BLK-36
64;Black;37;12;GBS-BLK-37
64;Black;38;34;GBS-BLK-38
64;Black;39;1;GBS-BLK-39
64;Black;40;2;GBS-BLK-40
64;Black;41;23;GBS-BLK-41
65;Mint Green;35;10;AWT-MGR-35
65;Mint Green;36;20;AWT-MGR-36
65;Mint Green;37;13;AWT-MGR-37
65;Mint Green;38;10;AWT-MGR-38
65;Mint Green;39;9;AWT-MGR-39
65;Mint Green;40;2;AWT-MGR-40
65;Mint Green;41;11;AWT-MGR-41
66;Maroon;35;19;COS-MRN-35
66;Maroon;36;12;COS-MRN-36
66;Maroon;37;34;COS-MRN-37
66;Maroon;38;22;COS-MRN-38
66;Maroon;39;11;COS-MRN-39
66;Maroon;40;10;COS-MRN-40
66;Maroon;41;8;COS-MRN-41
67;Beige;35;8;SBU-BEI-35
67;Beige;36;8;SBU-BEI-36
67;Beige;37;0;SBU-BEI-37
67;Beige;38;12;SBU-BEI-38
67;Beige;39;16;SBU-BEI-39
67;Beige;40;3;SBU-BEI-40
67;Beige;41;26;SBU-BEI-41
68;White;35;9;VTS-WHT-35
68;White;36;19;VTS-WHT-36
68;White;37;5;VTS-WHT-37
68;White;38;4;VTS-WHT-38
68;White;39;5;VTS-WHT-39
68;White;40;3;VTS-WHT-40
68;White;41;0;VTS-WHT-41
69;Burgundy;35;22;SBH-BRG-35
69;Burgundy;36;12;SBH-BRG-36
69;Burgundy;37;11;SBH-BRG-37
69;Burgundy;38;19;SBH-BRG-38
69;Burgundy;39;11;SBH-BRG-39
69;Burgundy;40;21;SBH-BRG-40
69;Burgundy;41;11;SBH-BRG-41
70;White;35;12;RSS-WHT-35
70;White;36;34;RSS-WHT-36
70;White;37;22;RSS-WHT-37
70;White;38;23;RSS-WHT-38
70;White;39;23;RSS-WHT-39
70;White;40;10;RSS-WHT-40
70;White;41;34;RSS-WHT-41
71;Black;35;10;WTN-BLK-35
71;Black;36;15;WTN-BLK-36
71;Black;37;2;WTN-BLK-37
71;Black;38;3;WTN-BLK-38
71;Black;39;1;WTN-BLK-39
71;Black;40;8;WTN-BLK-40
71;Black;41;5;WTN-BLK-41
72;Cream;One size;13;HBP-CRM-01
73;Beige;One size;15;MSC-BEI-02
74;Black;One size;20;GMB-BLK-03
75;Chocolate;One size;31;GMB-CHO-04
76;Black;One size;23;ETB-BLK-05
77;Burgundy;One size;23;LET-BRG-06
78;Butterscotch Yellow;One size;45;LIC-BYL-07
79;Black;One size;23;RSS-BLK-08
80;Beige;One size;45;IRW-BEI-09
81;Brown;One size;1;JLB-BRN-10
82;Beige;One size;23;DCE-BEI-11
83;Cream;One size;14;EHV-CRM-12
84;Black;One size;25;EHV-BLK-13
85;Burgundy;One size;24;MAC-BRG-14
86;Cream;One size;34;ARC-CRM-15
87;Black;One size;64;CTL-BLK-16
88;Burgundy;One size;23;CMS-BRG-17
89;Cream;One size;12;CMS-CRM-18
90;Chocolate;One size;53;CMS-CHO-19
91;Light Pink;One size;24;NES-LPK-20
92;Cream;One size;12;IWS-CRM-21
93;Brown;One size;53;CTB-BRN-22
94;Cream;One size;9;CTB-CRM-23
95;Brown;One size;8;NEH-BRN-24
96;Cream;One size;7;BCH-CRM-25
97;Blue;One size;4;HBS-BLU-26
98;Wineberry Red;One size;4;SGS-WBR-27
99;Burgundy;One size;5;KTS-BRG-28
100;Chocolate;One size;2;CCA-CHO-29
101;Black;One size;47;GBB-BLK-30
102;Wineberry Red;One size;13;POS-WBR-31
103;Tortoiseshell;One size;15;POS-TSH-32
104;Pecan Brown;One size;20;POS-PBR-33
105;Wineberry Red;One size;31;NPH-WBR-34
106;Black;One size;23;AOS-BLK-35
107;Cream;One size;23;SST-CRM-36
108;Light Pink;One size;45;CFB-LPK-37
109;Cream;One size;23;GGP-CRM-38
110;Black;One size;45;GGP-BLK-39
111;Mint Green;One size;1;ARS-MGR-40
112;Wineberry Red;One size;23;DOC-WBR-41
113;Butter Yellow;One size;14;DDC-BYL-42
114;Black;One size;25;SKR-BLK-43
115;Multi color;One size;24;RCH-MCL-44
116;Black;One size;34;ABS-BLK-45
117;Light Pink;One size;64;IWR-LPK-46
118;Black;One size;23;LSS-BLK-47
119;Blue;One size;12;PBF-BLU-48
120;Gold;One size;53;NSD-GLD-49
121;Silver;One size;24;NSD-SLV-50
122;Silver;One size;12;ETR-SLV-51
123;Gold;One size;53;ETR-GLD-52
124;Gold;One size;9;ECD-GLD-53
125;Silver;One size;8;ECD-SLV-54
126;Gold;One size;7;CPD-GLD-55
127;Silver;One size;4;CPD-SLV-56
128;Gold;One size;4;CPR-GLD-57
129;Silver;One size;5;CPR-SLV-58
130;Gold;One size;2;OCD-GLD-59
131;Silver;One size;47;OCD-SLV-60
132;Gold;One size;13;OCR-GLD-61
133;Silver;One size;15;OCR-SLV-62
134;Silver;One size;20;OSS-SLV-63
135;Pink;One size;31;BCS-PNK-64
136;Butter Yellow;One size;21;CFL-BYL-65
137;Chalk;One size;22;EOS-CHK-66
138;Silver;One size;25;CDE-SLV-67
139;Gold;One size;23;HPE-GLD-68
140;Silver;One size;15;HPE-SLV-69
141;Black;One size;23;TTW-BLK-70
142;Wineberry Red;One size;32;BCF-WBR-71
143;Taupe;One size;12;HTZ-TPE-72
144;Light Pink;One size;10;CMS-LPK-73
145;Shell Grey;One size;9;BSW-SGY-74
146;Burgundy;One size;4;CTC-BRG-75
147;Wineberry Red;One size;3;BFL-WBR-76
148;Black;One size;5;BSB-BLK-77
